x;y;u;v;column;row
-0.002635;0.078330;0.000000;0.000000;0;0
0.020236;0.055234;0.031250;0.000000;1;0
0.044309;0.032547;0.062500;0.000000;2;0
0.069605;0.010401;0.093750;0.000000;3;0
0.096130;-0.011055;0.125000;0.000000;4;0
0.123885;-0.031665;0.156250;0.000000;5;0
0.152851;-0.051263;0.187500;0.000000;6;0
0.182999;-0.069677;0.218750;0.000000;7;0
0.214282;-0.086731;0.250000;0.000000;8;0
0.246635;-0.102162;0.281250;0.000000;9;0
0.279978;-0.115762;0.312500;0.000000;10;0
0.314210;-0.127448;0.343750;0.000000;11;0
0.349215;-0.137149;0.375000;0.000000;12;0
0.384861;-0.144815;0.406250;0.000000;13;0
0.421002;-0.150419;0.437500;0.000000;14;0
0.457481;-0.153960;0.468750;0.000000;15;0
0.494135;-0.155467;0.500000;0.000000;16;0
0.530795;-0.155053;0.531250;0.000000;17;0
0.567292;-0.152714;0.562500;0.000000;18;0
0.603464;-0.148357;0.593750;0.000000;19;0
0.639152;-0.141915;0.625000;0.000000;20;0
0.674213;-0.133350;0.656250;0.000000;21;0
0.708512;-0.122648;0.687500;0.000000;22;0
0.741934;-0.109811;0.718750;0.000000;23;0
0.774379;-0.094857;0.750000;0.000000;24;0
0.805766;-0.078027;0.781250;0.000000;25;0
0.836030;-0.059662;0.812500;0.000000;26;0
0.865124;-0.039938;0.843750;0.000000;27;0
0.893019;-0.019025;0.875000;0.000000;28;0
0.919697;0.002909;0.906250;0.000000;29;0
0.945157;0.025709;0.937500;0.000000;30;0
0.969408;0.049227;0.968750;0.000000;31;0
0.992468;0.073328;1.000000;0.000000;32;0
-0.006524;0.094227;0.000000;0.031250;0;1
0.016322;0.070871;0.031250;0.031250;1;1
0.040399;0.047877;0.062500;0.031250;2;1
0.065729;0.025383;0.093750;0.031250;3;1
0.092325;0.003540;0.125000;0.031250;4;1
0.120188;-0.017488;0.156250;0.031250;5;1
0.149305;-0.037527;0.187500;0.031250;6;1
0.179647;-0.056398;0.218750;0.031250;7;1
0.211169;-0.073916;0.250000;0.031250;8;1
0.243806;-0.089822;0.281250;0.031250;9;1
0.277472;-0.103903;0.312500;0.031250;10;1
0.312068;-0.116052;0.343750;0.031250;11;1
0.347473;-0.126175;0.375000;0.031250;12;1
0.383552;-0.134196;0.406250;0.031250;13;1
0.420153;-0.140067;0.437500;0.031250;14;1
0.457113;-0.143765;0.468750;0.031250;15;1
0.494259;-0.145304;0.500000;0.031250;16;1
0.531414;-0.144773;0.531250;0.031250;17;1
0.568399;-0.142175;0.562500;0.031250;18;1
0.605040;-0.137443;0.593750;0.031250;19;1
0.641172;-0.130541;0.625000;0.031250;20;1
0.676643;-0.121464;0.656250;0.031250;21;1
0.711314;-0.110228;0.687500;0.031250;22;1
0.745064;-0.096871;0.718750;0.031250;23;1
0.777792;-0.081446;0.750000;0.031250;24;1
0.809413;-0.064192;0.781250;0.031250;25;1
0.839865;-0.045435;0.812500;0.031250;26;1
0.869101;-0.025359;0.843750;0.031250;27;1
0.897093;-0.004145;0.875000;0.031250;28;1
0.923828;0.018035;0.906250;0.031250;29;1
0.949307;0.041017;0.937500;0.031250;30;1
0.973542;0.064649;0.968750;0.031250;31;1
0.996557;0.088793;1.000000;0.031250;32;1
-0.010341;0.110650;0.000000;0.062500;0;2
0.012466;0.087044;0.031250;0.062500;1;2
0.036532;0.063751;0.062500;0.062500;2;2
0.061883;0.040913;0.093750;0.062500;3;2
0.088536;0.018687;0.125000;0.062500;4;2
0.116496;-0.002759;0.156250;0.062500;5;2
0.145752;-0.023244;0.187500;0.062500;6;2
0.176280;-0.042577;0.218750;0.062500;7;2
0.208034;-0.060565;0.250000;0.062500;8;2
0.240949;-0.076953;0.281250;0.062500;9;2
0.274937;-0.091523;0.312500;0.062500;10;2
0.309896;-0.104142;0.343750;0.062500;11;2
0.345705;-0.114691;0.375000;0.062500;12;2
0.382223;-0.123072;0.406250;0.062500;13;2
0.419291;-0.129213;0.437500;0.062500;14;2
0.456739;-0.133072;0.468750;0.062500;15;2
0.494388;-0.134645;0.500000;0.062500;16;2
0.532048;-0.134000;0.531250;0.062500;17;2
0.569529;-0.131148;0.562500;0.062500;18;2
0.606647;-0.126047;0.593750;0.062500;19;2
0.643230;-0.118690;0.625000;0.062500;20;2
0.679115;-0.109100;0.656250;0.062500;21;2
0.714159;-0.097329;0.687500;0.062500;22;2
0.748237;-0.083448;0.718750;0.062500;23;2
0.781243;-0.067542;0.750000;0.062500;24;2
0.813092;-0.049852;0.781250;0.062500;25;2
0.843722;-0.030689;0.812500;0.062500;26;2
0.873089;-0.010248;0.843750;0.062500;27;2
0.901165;0.011282;0.875000;0.062500;28;2
0.927943;0.033720;0.906250;0.062500;29;2
0.953425;0.056897;0.937500;0.062500;30;2
0.977629;0.080657;0.968750;0.062500;31;2
1.000583;0.104858;1.000000;0.062500;32;2
-0.014074;0.127620;0.000000;0.093750;0;3
0.008681;0.103775;0.031250;0.093750;1;3
0.032721;0.080194;0.062500;0.093750;2;3
0.058079;0.057020;0.093750;0.093750;3;3
0.084774;0.034414;0.125000;0.093750;4;3
0.112817;0.012552;0.156250;0.093750;5;3
0.142202;-0.008378;0.187500;0.093750;6;3
0.172904;-0.028178;0.218750;0.093750;7;3
0.204883;-0.046642;0.250000;0.093750;8;3
0.238069;-0.063519;0.281250;0.093750;9;3
0.272376;-0.078584;0.312500;0.093750;10;3
0.307699;-0.091679;0.343750;0.093750;11;3
0.343914;-0.102659;0.375000;0.093750;12;3
0.380875;-0.111404;0.406250;0.093750;13;3
0.418417;-0.117819;0.437500;0.093750;14;3
0.456362;-0.121843;0.468750;0.093750;15;3
0.494522;-0.123452;0.500000;0.093750;16;3
0.532696;-0.122698;0.531250;0.093750;17;3
0.570681;-0.119596;0.562500;0.093750;18;3
0.608285;-0.114131;0.593750;0.093750;19;3
0.645323;-0.106321;0.625000;0.093750;20;3
0.681626;-0.096223;0.656250;0.093750;21;3
0.717044;-0.083916;0.687500;0.093750;22;3
0.751447;-0.069505;0.718750;0.093750;23;3
0.784725;-0.053109;0.750000;0.093750;24;3
0.816794;-0.034971;0.781250;0.093750;25;3
0.847592;-0.015390;0.812500;0.093750;26;3
0.877077;0.005428;0.843750;0.093750;27;3
0.905224;0.027285;0.875000;0.093750;28;3
0.932028;0.049993;0.906250;0.093750;29;3
0.957499;0.073376;0.937500;0.093750;30;3
0.981657;0.097274;0.968750;0.093750;31;3
1.004534;0.121542;1.000000;0.093750;32;3
-0.017707;0.145156;0.000000;0.125000;0;4
0.004981;0.121089;0.031250;0.125000;1;4
0.028980;0.097232;0.062500;0.125000;2;4
0.054329;0.073732;0.093750;0.125000;3;4
0.081052;0.050755;0.125000;0.125000;4;4
0.109164;0.028480;0.156250;0.125000;5;4
0.138663;0.007105;0.187500;0.125000;6;4
0.169529;-0.013163;0.218750;0.125000;7;4
0.201723;-0.032108;0.250000;0.125000;8;4
0.235174;-0.049479;0.281250;0.125000;9;4
0.269795;-0.065044;0.312500;0.125000;10;4
0.305481;-0.078621;0.343750;0.125000;11;4
0.342103;-0.090038;0.375000;0.125000;12;4
0.379510;-0.099152;0.406250;0.125000;13;4
0.417532;-0.105844;0.437500;0.125000;14;4
0.455981;-0.110034;0.468750;0.125000;15;4
0.494660;-0.111683;0.500000;0.125000;16;4
0.533356;-0.110824;0.531250;0.125000;17;4
0.571855;-0.107478;0.562500;0.125000;18;4
0.609950;-0.101653;0.593750;0.125000;19;4
0.647449;-0.093395;0.625000;0.125000;20;4
0.684172;-0.082789;0.656250;0.125000;21;4
0.719964;-0.069946;0.687500;0.125000;22;4
0.754687;-0.055002;0.718750;0.125000;23;4
0.788232;-0.038108;0.750000;0.125000;24;4
0.820511;-0.019511;0.781250;0.125000;25;4
0.851465;0.000498;0.812500;0.125000;26;4
0.881054;0.021703;0.843750;0.125000;27;4
0.909257;0.043896;0.875000;0.125000;28;4
0.936073;0.066882;0.906250;0.125000;29;4
0.961515;0.090479;0.937500;0.125000;30;4
0.985610;0.114523;0.968750;0.125000;31;4
1.008394;0.138866;1.000000;0.125000;32;4
-0.021225;0.163279;0.000000;0.156250;0;5
0.001379;0.139008;0.031250;0.156250;1;5
0.025323;0.114891;0.062500;0.156250;2;5
0.050647;0.091079;0.093750;0.156250;3;5
0.077382;0.067740;0.125000;0.156250;4;5
0.105549;0.045060;0.156250;0.156250;5;5
0.135148;0.023243;0.187500;0.156250;6;5
0.166165;0.002507;0.218750;0.156250;7;5
0.198562;-0.016921;0.250000;0.156250;8;5
0.232270;-0.034791;0.281250;0.156250;9;5
0.267200;-0.050861;0.312500;0.156250;10;5
0.303245;-0.064924;0.343750;0.156250;11;5
0.340274;-0.076783;0.375000;0.156250;12;5
0.378131;-0.086269;0.406250;0.156250;13;5
0.416638;-0.093242;0.437500;0.156250;14;5
0.455597;-0.097603;0.468750;0.156250;15;5
0.494802;-0.099293;0.500000;0.156250;16;5
0.534029;-0.098332;0.531250;0.156250;17;5
0.573047;-0.094747;0.562500;0.156250;18;5
0.611641;-0.088567;0.593750;0.156250;19;5
0.649604;-0.079866;0.625000;0.156250;20;5
0.686749;-0.068754;0.656250;0.156250;21;5
0.722912;-0.055375;0.687500;0.156250;22;5
0.757952;-0.039895;0.718750;0.156250;23;5
0.791754;-0.022497;0.750000;0.156250;24;5
0.824233;-0.003434;0.781250;0.156250;25;5
0.855330;0.017012;0.812500;0.156250;26;5
0.885008;0.038611;0.843750;0.156250;27;5
0.913251;0.061147;0.875000;0.156250;28;5
0.940061;0.084416;0.906250;0.156250;29;5
0.965459;0.108232;0.937500;0.156250;30;5
0.989474;0.132427;0.968750;0.156250;31;5
1.012149;0.156850;1.000000;0.156250;32;5
-0.024613;0.182008;0.000000;0.187500;0;6
-0.002106;0.157554;0.031250;0.187500;1;6
0.021766;0.133197;0.062500;0.187500;2;6
0.047049;0.109089;0.093750;0.187500;3;6
0.073780;0.085402;0.125000;0.187500;4;6
0.101984;0.062327;0.156250;0.187500;5;6
0.131669;0.040075;0.187500;0.187500;6;6
0.162822;0.018874;0.218750;0.187500;7;6
0.195411;-0.001039;0.250000;0.187500;8;6
0.229366;-0.019409;0.281250;0.187500;9;6
0.264597;-0.035988;0.312500;0.187500;10;6
0.300998;-0.050540;0.343750;0.187500;11;6
0.338433;-0.062845;0.375000;0.187500;12;6
0.376741;-0.072707;0.406250;0.187500;13;6
0.415736;-0.079965;0.437500;0.187500;14;6
0.455212;-0.084499;0.468750;0.187500;15;6
0.494950;-0.086234;0.500000;0.187500;16;6
0.534712;-0.085175;0.531250;0.187500;17;6
0.574257;-0.081355;0.562500;0.187500;18;6
0.613353;-0.074826;0.593750;0.187500;19;6
0.651783;-0.065686;0.625000;0.187500;20;6
0.689351;-0.054072;0.656250;0.187500;21;6
0.725882;-0.040158;0.687500;0.187500;22;6
0.761232;-0.024141;0.718750;0.187500;23;6
0.795282;-0.006233;0.750000;0.187500;24;6
0.827947;0.013304;0.781250;0.187500;25;6
0.859173;0.034190;0.812500;0.187500;26;6
0.888925;0.056188;0.843750;0.187500;27;6
0.917191;0.079070;0.875000;0.187500;28;6
0.943979;0.102625;0.906250;0.187500;29;6
0.969315;0.126662;0.937500;0.187500;30;6
0.993233;0.151008;0.968750;0.187500;31;6
1.015782;0.175513;1.000000;0.187500;32;6
-0.027852;0.201362;0.000000;0.218750;0;7
-0.005458;0.176750;0.031250;0.218750;1;7
0.018326;0.152176;0.062500;0.218750;2;7
0.043551;0.127793;0.093750;0.218750;3;7
0.070261;0.103775;0.125000;0.218750;4;7
0.098486;0.080318;0.156250;0.218750;5;7
0.128239;0.057641;0.187500;0.218750;6;7
0.159514;0.035980;0.218750;0.218750;7;7
0.192281;0.015586;0.250000;0.218750;8;7
0.226472;-0.003286;0.281250;0.218750;9;7
0.261996;-0.020374;0.312500;0.218750;10;7
0.298746;-0.035418;0.343750;0.218750;11;7
0.336585;-0.048172;0.375000;0.218750;12;7
0.375344;-0.058414;0.406250;0.218750;13;7
0.414830;-0.065960;0.437500;0.218750;14;7
0.454826;-0.070669;0.468750;0.218750;15;7
0.495101;-0.072451;0.500000;0.218750;16;7
0.535406;-0.071298;0.531250;0.218750;17;7
0.575482;-0.067250;0.562500;0.218750;18;7
0.615084;-0.060377;0.593750;0.218750;19;7
0.653983;-0.050802;0.625000;0.218750;20;7
0.691970;-0.038690;0.656250;0.218750;21;7
0.728865;-0.024244;0.687500;0.218750;22;7
0.764517;-0.007690;0.718750;0.218750;23;7
0.798804;0.010729;0.750000;0.218750;24;7
0.831643;0.030743;0.781250;0.218750;25;7
0.862981;0.052074;0.812500;0.218750;26;7
0.892790;0.074472;0.843750;0.218750;27;7
0.921061;0.097699;0.875000;0.218750;28;7
0.947810;0.121539;0.906250;0.218750;29;7
0.973065;0.145794;0.937500;0.218750;30;7
0.996869;0.170290;0.968750;0.218750;31;7
1.019276;0.194874;1.000000;0.218750;32;7
-0.030924;0.221357;0.000000;0.250000;0;8
-0.008657;0.196617;0.031250;0.250000;1;8
0.015022;0.171853;0.062500;0.250000;2;8
0.040173;0.147219;0.093750;0.250000;3;8
0.066844;0.122891;0.125000;0.250000;4;8
0.095072;0.099070;0.156250;0.250000;5;8
0.124876;0.075982;0.187500;0.250000;6;8
0.156256;0.053871;0.218750;0.250000;7;8
0.189185;0.033000;0.250000;0.250000;8;8
0.223598;0.013630;0.281250;0.250000;9;8
0.259405;-0.003967;0.312500;0.250000;10;8
0.296497;-0.019504;0.343750;0.250000;11;8
0.334734;-0.032707;0.375000;0.250000;12;8
0.373943;-0.043332;0.406250;0.250000;13;8
0.413921;-0.051168;0.437500;0.250000;14;8
0.454441;-0.056055;0.468750;0.250000;15;8
0.495258;-0.057887;0.500000;0.250000;16;8
0.536109;-0.056644;0.531250;0.250000;17;8
0.576720;-0.052372;0.562500;0.250000;18;8
0.616830;-0.045162;0.593750;0.250000;19;8
0.656196;-0.035158;0.625000;0.250000;20;8
0.694600;-0.022554;0.656250;0.250000;21;8
0.731853;-0.007580;0.687500;0.250000;22;8
0.767796;0.009508;0.718750;0.250000;23;8
0.802307;0.028439;0.750000;0.250000;24;8
0.835304;0.048930;0.781250;0.250000;25;8
0.866738;0.070704;0.812500;0.250000;26;8
0.896585;0.093498;0.843750;0.250000;27;8
0.924844;0.117067;0.875000;0.250000;28;8
0.951533;0.141185;0.906250;0.250000;29;8
0.976690;0.165652;0.937500;0.250000;30;8
1.000364;0.190291;0.968750;0.250000;31;8
1.022612;0.214949;1.000000;0.250000;32;8
-0.033809;0.241957;0.000000;0.281250;0;9
-0.011685;0.217126;0.031250;0.281250;1;9
0.011874;0.192208;0.062500;0.281250;2;9
0.036933;0.167355;0.093750;0.281250;3;9
0.063547;0.142747;0.125000;0.281250;4;9
0.091758;0.118587;0.156250;0.281250;5;9
0.121595;0.095108;0.187500;0.281250;6;9
0.153061;0.072563;0.218750;0.281250;7;9
0.186136;0.051227;0.250000;0.281250;8;9
0.220756;0.031365;0.281250;0.281250;9;9
0.256832;0.013264;0.312500;0.281250;10;9
0.294257;-0.002763;0.343750;0.281250;11;9
0.332887;-0.016417;0.375000;0.281250;12;9
0.372542;-0.027424;0.406250;0.281250;13;9
0.413011;-0.035553;0.437500;0.281250;14;9
0.454055;-0.040620;0.468750;0.281250;15;9
0.495416;-0.042505;0.500000;0.281250;16;9
0.536815;-0.041177;0.531250;0.281250;17;9
0.577962;-0.036690;0.562500;0.281250;18;9
0.618580;-0.029152;0.593750;0.281250;19;9
0.658413;-0.018729;0.625000;0.281250;20;9
0.697231;-0.005642;0.656250;0.281250;21;9
0.734834;0.009852;0.687500;0.281250;22;9
0.771061;0.027468;0.718750;0.281250;23;9
0.805783;0.046906;0.750000;0.281250;24;9
0.838921;0.067874;0.781250;0.281250;25;9
0.870433;0.090088;0.812500;0.281250;26;9
0.900299;0.113275;0.843750;0.281250;27;9
0.928524;0.137180;0.875000;0.281250;28;9
0.955135;0.161573;0.906250;0.281250;29;9
0.980174;0.186247;0.937500;0.281250;30;9
1.003698;0.211025;0.968750;0.281250;31;9
1.025771;0.235754;1.000000;0.281250;32;9
-0.036487;0.263154;0.000000;0.312500;0;10
-0.014519;0.238275;0.031250;0.312500;1;10
0.008903;0.213244;0.062500;0.312500;2;10
0.033852;0.188212;0.093750;0.312500;3;10
0.060390;0.163358;0.125000;0.312500;4;10
0.088566;0.138892;0.156250;0.312500;5;10
0.118414;0.115048;0.187500;0.312500;6;10
0.149947;0.092090;0.218750;0.312500;7;10
0.183149;0.070305;0.250000;0.312500;8;10
0.217960;0.049964;0.281250;0.312500;9;10
0.254291;0.031367;0.312500;0.312500;10;10
0.292036;0.014855;0.343750;0.312500;11;10
0.331049;0.000754;0.375000;0.312500;12;10
0.371145;-0.010636;0.406250;0.312500;13;10
0.412103;-0.019058;0.437500;0.312500;14;10
0.453670;-0.024308;0.468750;0.312500;15;10
0.495575;-0.026249;0.500000;0.312500;16;10
0.537522;-0.024841;0.531250;0.312500;17;10
0.579203;-0.020149;0.562500;0.312500;18;10
0.620327;-0.012294;0.593750;0.312500;19;10
0.660623;-0.001466;0.625000;0.312500;20;10
0.699850;0.012092;0.656250;0.312500;21;10
0.737799;0.028094;0.687500;0.312500;22;10
0.774298;0.046228;0.718750;0.312500;23;10
0.809218;0.066168;0.750000;0.312500;24;10
0.842479;0.087606;0.781250;0.312500;25;10
0.874048;0.110255;0.812500;0.312500;26;10
0.903912;0.133828;0.843750;0.312500;27;10
0.932083;0.158061;0.875000;0.312500;28;10
0.958595;0.182719;0.906250;0.312500;29;10
0.983497;0.207594;0.937500;0.312500;30;10
1.006852;0.232506;0.968750;0.312500;31;10
1.028731;0.257303;1.000000;0.312500;32;10
-0.038937;0.285002;0.000000;0.343750;0;11
-0.017139;0.260120;0.031250;0.343750;1;11
0.006133;0.235018;0.062500;0.343750;2;11
0.030955;0.209848;0.093750;0.343750;3;11
0.057397;0.184788;0.125000;0.343750;4;11
0.085517;0.160049;0.156250;0.343750;5;11
0.115357;0.135871;0.187500;0.343750;6;11
0.146936;0.112526;0.218750;0.343750;7;11
0.180245;0.090312;0.250000;0.343750;8;11
0.215227;0.069507;0.281250;0.343750;9;11
0.251796;0.050427;0.312500;0.343750;10;11
0.289848;0.033438;0.343750;0.343750;11;11
0.329233;0.018895;0.375000;0.343750;12;11
0.369761;0.007125;0.406250;0.343750;13;11
0.411203;-0.001590;0.437500;0.343750;14;11
0.453291;-0.007023;0.468750;0.343750;15;11
0.495737;-0.009022;0.500000;0.343750;16;11
0.538229;-0.007542;0.531250;0.343750;17;11
0.580442;-0.002652;0.562500;0.343750;18;11
0.622067;0.005509;0.593750;0.343750;19;11
0.662820;0.016730;0.625000;0.343750;20;11
0.702447;0.030745;0.656250;0.343750;21;11
0.740730;0.047241;0.687500;0.343750;22;11
0.777488;0.065880;0.718750;0.343750;23;11
0.812587;0.086309;0.750000;0.343750;24;11
0.845952;0.108206;0.781250;0.343750;25;11
0.877558;0.131275;0.812500;0.343750;26;11
0.907398;0.155217;0.843750;0.343750;27;11
0.935493;0.179762;0.875000;0.343750;28;11
0.961886;0.204668;0.906250;0.343750;29;11
0.986632;0.229725;0.937500;0.343750;30;11
1.009801;0.254754;0.968750;0.343750;31;11
1.031472;0.279605;1.000000;0.343750;32;11
-0.041135;0.307553;0.000000;0.375000;0;12
-0.019519;0.282713;0.031250;0.375000;1;12
0.003586;0.257586;0.062500;0.375000;2;12
0.028265;0.232322;0.093750;0.375000;3;12
0.054594;0.207097;0.125000;0.375000;4;12
0.082639;0.182124;0.156250;0.375000;5;12
0.112449;0.157647;0.187500;0.375000;6;12
0.144052;0.133944;0.218750;0.375000;7;12
0.177446;0.111325;0.250000;0.375000;8;12
0.212579;0.090077;0.281250;0.375000;9;12
0.249368;0.070529;0.312500;0.375000;10;12
0.287709;0.053075;0.343750;0.375000;11;12
0.327452;0.038098;0.375000;0.375000;12;12
0.368403;0.025953;0.406250;0.375000;13;12
0.410319;0.016949;0.437500;0.375000;14;12
0.452922;0.011332;0.468750;0.375000;15;12
0.495905;0.009274;0.500000;0.375000;16;12
0.538937;0.010824;0.531250;0.375000;17;12
0.581676;0.015903;0.562500;0.375000;18;12
0.623795;0.024358;0.593750;0.375000;19;12
0.664995;0.035960;0.625000;0.375000;20;12
0.705010;0.050417;0.656250;0.375000;21;12
0.743609;0.067391;0.687500;0.375000;22;12
0.780607;0.086516;0.718750;0.375000;23;12
0.815865;0.107416;0.750000;0.375000;24;12
0.849311;0.129753;0.781250;0.375000;25;12
0.880931;0.153219;0.812500;0.375000;26;12
0.910727;0.177505;0.843750;0.375000;27;12
0.938726;0.202334;0.875000;0.375000;28;12
0.964981;0.227459;0.906250;0.375000;29;12
0.989554;0.252671;0.937500;0.375000;30;12
1.012522;0.277790;0.968750;0.375000;31;12
1.033971;0.302669;1.000000;0.375000;32;12
-0.043060;0.330856;0.000000;0.406250;0;13
-0.021636;0.306103;0.031250;0.406250;1;13
0.001290;0.280999;0.062500;0.406250;2;13
0.025810;0.255686;0.093750;0.406250;3;13
0.052008;0.230342;0.125000;0.406250;4;13
0.079958;0.205178;0.156250;0.406250;5;13
0.109717;0.180441;0.187500;0.406250;6;13
0.141321;0.156417;0.218750;0.406250;7;13
0.174778;0.133423;0.250000;0.406250;8;13
0.210039;0.111756;0.281250;0.406250;9;13
0.247026;0.091762;0.312500;0.406250;10;13
0.285638;0.073860;0.343750;0.406250;11;13
0.325723;0.058462;0.375000;0.406250;12;13
0.367082;0.045950;0.406250;0.406250;13;13
0.409462;0.036661;0.437500;0.406250;14;13
0.452569;0.030864;0.468750;0.406250;15;13
0.496080;0.028745;0.500000;0.406250;16;13
0.539645;0.030360;0.531250;0.406250;17;13
0.582902;0.035621;0.562500;0.406250;18;13
0.625505;0.044361;0.593750;0.406250;19;13
0.667138;0.056330;0.625000;0.406250;20;13
0.707522;0.071212;0.656250;0.406250;21;13
0.746417;0.088643;0.687500;0.406250;22;13
0.783632;0.108231;0.718750;0.406250;23;13
0.819023;0.129577;0.750000;0.406250;24;13
0.852527;0.152324;0.781250;0.406250;25;13
0.884139;0.176155;0.812500;0.406250;26;13
0.913868;0.200750;0.843750;0.406250;27;13
0.941752;0.225824;0.875000;0.406250;28;13
0.967850;0.251130;0.906250;0.406250;29;13
0.992235;0.276457;0.937500;0.406250;30;13
1.014989;0.301628;0.968750;0.406250;31;13
1.036205;0.326499;1.000000;0.406250;32;13
-0.044688;0.354954;0.000000;0.437500;0;14
-0.023466;0.330337;0.031250;0.437500;1;14
-0.000729;0.305303;0.062500;0.437500;2;14
0.023618;0.279993;0.093750;0.437500;3;14
0.049668;0.254578;0.125000;0.437500;4;14
0.077503;0.229271;0.156250;0.437500;5;14
0.107190;0.204320;0.187500;0.437500;6;14
0.138772;0.180014;0.218750;0.437500;7;14
0.172267;0.156682;0.250000;0.437500;8;14
0.207632;0.134629;0.281250;0.437500;9;14
0.244794;0.114216;0.312500;0.437500;10;14
0.283655;0.095888;0.343750;0.437500;11;14
0.324063;0.080085;0.375000;0.437500;12;14
0.365812;0.067219;0.406250;0.437500;13;14
0.408640;0.057653;0.437500;0.437500;14;14
0.452238;0.051680;0.468750;0.437500;15;14
0.496265;0.049502;0.500000;0.437500;16;14
0.540352;0.051179;0.531250;0.437500;17;14
0.584117;0.056614;0.562500;0.437500;18;14
0.627190;0.065628;0.593750;0.437500;19;14
0.669237;0.077948;0.625000;0.437500;20;14
0.709968;0.093235;0.656250;0.437500;21;14
0.749131;0.111098;0.687500;0.437500;22;14
0.786533;0.131120;0.718750;0.437500;23;14
0.822031;0.152877;0.750000;0.437500;24;14
0.855568;0.175998;0.781250;0.437500;25;14
0.887147;0.200150;0.812500;0.437500;26;14
0.916788;0.225007;0.843750;0.437500;27;14
0.944538;0.250278;0.875000;0.437500;28;14
0.970464;0.275715;0.906250;0.437500;29;14
0.994646;0.301106;0.937500;0.437500;30;14
1.017177;0.326280;0.968750;0.437500;31;14
1.038152;0.351095;1.000000;0.437500;32;14
-0.045996;0.379887;0.000000;0.468750;0;15
-0.024982;0.355453;0.031250;0.468750;1;15
-0.002445;0.330542;0.062500;0.468750;2;15
0.021717;0.305286;0.093750;0.468750;3;15
0.047604;0.279855;0.125000;0.468750;4;15
0.075306;0.254457;0.156250;0.468750;5;15
0.104898;0.229343;0.187500;0.468750;6;15
0.136436;0.204804;0.218750;0.468750;7;15
0.169943;0.181177;0.250000;0.468750;8;15
0.205386;0.158776;0.281250;0.468750;9;15
0.242697;0.137979;0.312500;0.468750;10;15
0.281783;0.119254;0.343750;0.468750;11;15
0.322491;0.103070;0.375000;0.468750;12;15
0.364609;0.089868;0.406250;0.468750;13;15
0.407865;0.080037;0.437500;0.468750;14;15
0.451936;0.073895;0.468750;0.468750;15;15
0.496462;0.071660;0.500000;0.468750;16;15
0.541057;0.073395;0.531250;0.468750;17;15
0.585313;0.078997;0.562500;0.468750;18;15
0.628839;0.088271;0.593750;0.468750;19;15
0.671279;0.100925;0.625000;0.468750;20;15
0.712327;0.116593;0.656250;0.468750;21;15
0.751727;0.134857;0.687500;0.468750;22;15
0.789282;0.155275;0.718750;0.468750;23;15
0.824856;0.177401;0.750000;0.468750;24;15
0.858398;0.200846;0.781250;0.468750;25;15
0.889922;0.225266;0.812500;0.468750;26;15
0.919454;0.250327;0.843750;0.468750;27;15
0.947052;0.275735;0.875000;0.468750;28;15
0.972791;0.301241;0.906250;0.468750;29;15
0.996760;0.326636;0.937500;0.468750;30;15
1.019058;0.351752;0.968750;0.468750;31;15
1.039788;0.376453;1.000000;0.468750;32;15
-0.046961;0.405689;0.000000;0.500000;0;16
-0.026160;0.381488;0.031250;0.500000;1;16
-0.003830;0.356751;0.062500;0.500000;2;16
0.020136;0.331606;0.093750;0.500000;3;16
0.045846;0.306216;0.125000;0.500000;4;16
0.073397;0.280787;0.156250;0.500000;5;16
0.102875;0.255566;0.187500;0.500000;6;16
0.134344;0.230850;0.218750;0.500000;7;16
0.167838;0.206980;0.250000;0.500000;8;16
0.203332;0.184278;0.281250;0.500000;9;16
0.240765;0.163139;0.312500;0.500000;10;16
0.280048;0.144055;0.343750;0.500000;11;16
0.321028;0.127520;0.375000;0.500000;12;16
0.363490;0.114005;0.406250;0.500000;13;16
0.407149;0.103926;0.437500;0.500000;14;16
0.451670;0.097625;0.468750;0.500000;15;16
0.496674;0.095335;0.500000;0.500000;16;16
0.541756;0.097126;0.531250;0.500000;17;16
0.586485;0.102886;0.562500;0.500000;18;16
0.630441;0.112406;0.593750;0.500000;19;16
0.673247;0.125371;0.625000;0.500000;20;16
0.714578;0.141391;0.656250;0.500000;21;16
0.754176;0.160019;0.687500;0.500000;22;16
0.791847;0.180787;0.718750;0.500000;23;16
0.827463;0.203229;0.750000;0.500000;24;16
0.860981;0.226938;0.781250;0.500000;25;16
0.892426;0.251561;0.812500;0.500000;26;16
0.921830;0.276758;0.843750;0.500000;27;16
0.949260;0.302231;0.875000;0.500000;28;16
0.974799;0.327733;0.906250;0.500000;29;16
0.998546;0.353059;0.937500;0.500000;30;16
1.020606;0.378045;0.968750;0.500000;31;16
1.041090;0.402563;1.000000;0.500000;32;16
-0.047560;0.432341;0.000000;0.531250;0;17
-0.026973;0.408425;0.031250;0.531250;1;17
-0.004856;0.383920;0.062500;0.531250;2;17
0.018907;0.358947;0.093750;0.531250;3;17
0.044428;0.333664;0.125000;0.531250;4;17
0.071814;0.308270;0.156250;0.531250;5;17
0.101158;0.283010;0.187500;0.531250;6;17
0.132535;0.258181;0.218750;0.531250;7;17
0.165990;0.234129;0.250000;0.531250;8;17
0.201506;0.211186;0.281250;0.531250;9;17
0.239030;0.189759;0.312500;0.531250;10;17
0.278480;0.170363;0.343750;0.531250;11;17
0.319703;0.153517;0.375000;0.531250;12;17
0.362477;0.139719;0.406250;0.531250;13;17
0.406510;0.129414;0.437500;0.531250;14;17
0.451452;0.122966;0.468750;0.531250;15;17
0.496907;0.120625;0.500000;0.531250;16;17
0.542454;0.122464;0.531250;0.531250;17;17
0.587636;0.128365;0.562500;0.531250;18;17
0.632000;0.138105;0.593750;0.531250;19;17
0.675140;0.151347;0.625000;0.531250;20;17
0.716714;0.167673;0.656250;0.531250;21;17
0.756464;0.186612;0.687500;0.531250;22;17
0.794206;0.207672;0.718750;0.531250;23;17
0.829824;0.230365;0.750000;0.531250;24;17
0.863289;0.254269;0.781250;0.531250;25;17
0.894630;0.279023;0.812500;0.531250;26;17
0.923888;0.304279;0.843750;0.531250;27;17
0.951134;0.329742;0.875000;0.531250;28;17
0.976462;0.355165;0.906250;0.531250;29;17
0.999979;0.380350;0.937500;0.531250;30;17
1.021799;0.405139;0.968750;0.531250;31;17
1.042036;0.429410;1.000000;0.531250;32;17
-0.047773;0.459776;0.000000;0.562500;0;18
-0.027400;0.436205;0.031250;0.562500;1;18
-0.005496;0.411998;0.062500;0.562500;2;18
0.018058;0.387267;0.093750;0.562500;3;18
0.043381;0.362164;0.125000;0.562500;4;18
0.070587;0.336881;0.156250;0.562500;5;18
0.099780;0.311660;0.187500;0.562500;6;18
0.131043;0.286796;0.218750;0.562500;7;18
0.164432;0.262637;0.250000;0.562500;8;18
0.199941;0.239523;0.281250;0.562500;9;18
0.237525;0.217874;0.312500;0.562500;10;18
0.277107;0.198225;0.343750;0.562500;11;18
0.318539;0.181117;0.375000;0.562500;12;18
0.361590;0.167076;0.406250;0.562500;13;18
0.405960;0.156573;0.437500;0.562500;14;18
0.451288;0.149993;0.468750;0.562500;15;18
0.497162;0.147603;0.500000;0.562500;16;18
0.543147;0.149480;0.531250;0.562500;17;18
0.588757;0.155498;0.562500;0.562500;18;18
0.633501;0.165421;0.593750;0.562500;19;18
0.676941;0.178892;0.625000;0.562500;20;18
0.718715;0.195467;0.656250;0.562500;21;18
0.758569;0.214651;0.687500;0.562500;22;18
0.796334;0.235928;0.718750;0.562500;23;18
0.831914;0.258796;0.750000;0.562500;24;18
0.865295;0.282818;0.781250;0.562500;25;18
0.896508;0.307621;0.812500;0.562500;26;18
0.925601;0.332857;0.843750;0.562500;27;18
0.952650;0.358232;0.875000;0.562500;28;18
0.977756;0.383503;0.906250;0.562500;29;18
1.001037;0.408478;0.937500;0.562500;30;18
1.022614;0.433005;0.968750;0.562500;31;18
1.042604;0.456972;1.000000;0.562500;32;18
-0.047579;0.487953;0.000000;0.593750;0;19
-0.027416;0.464790;0.031250;0.593750;1;19
-0.005726;0.440950;0.062500;0.593750;2;19
0.017615;0.416537;0.093750;0.593750;3;19
0.042732;0.391694;0.125000;0.593750;4;19
0.069747;0.366607;0.156250;0.593750;5;19
0.098771;0.341512;0.187500;0.593750;6;19
0.129899;0.316699;0.218750;0.593750;7;19
0.163196;0.292519;0.250000;0.593750;8;19
0.198667;0.269317;0.281250;0.593750;9;19
0.236276;0.247525;0.312500;0.593750;10;19
0.275953;0.227693;0.343750;0.593750;11;19
0.317554;0.210384;0.375000;0.593750;12;19
0.360841;0.196148;0.406250;0.593750;13;19
0.405506;0.185481;0.437500;0.593750;14;19
0.451179;0.178791;0.468750;0.593750;15;19
0.497432;0.176358;0.500000;0.593750;16;19
0.543818;0.178262;0.531250;0.593750;17;19
0.589819;0.184372;0.562500;0.593750;18;19
0.634907;0.194438;0.593750;0.593750;19;19
0.678607;0.208084;0.625000;0.593750;20;19
0.720535;0.224843;0.656250;0.593750;21;19
0.760445;0.244196;0.687500;0.593750;22;19
0.798189;0.265610;0.718750;0.593750;23;19
0.833694;0.288566;0.750000;0.593750;24;19
0.866961;0.312616;0.781250;0.593750;25;19
0.898025;0.337379;0.812500;0.593750;26;19
0.926936;0.362506;0.843750;0.593750;27;19
0.953775;0.387705;0.875000;0.593750;28;19
0.978652;0.412741;0.906250;0.593750;29;19
1.001694;0.437428;0.937500;0.593750;30;19
1.023027;0.461624;0.968750;0.593750;31;19
1.042775;0.485222;1.000000;0.593750;32;19
-0.046960;0.516821;0.000000;0.625000;0;20
-0.027003;0.494132;0.031250;0.625000;1;20
-0.005525;0.470732;0.062500;0.625000;2;20
0.017602;0.446717;0.093750;0.625000;3;20
0.042508;0.422221;0.125000;0.625000;4;20
0.069321;0.397422;0.156250;0.625000;5;20
0.098162;0.372548;0.187500;0.625000;6;20
0.129133;0.347885;0.218750;0.625000;7;20
0.162312;0.323781;0.250000;0.625000;8;20
0.197713;0.300586;0.281250;0.625000;9;20
0.235311;0.278742;0.312500;0.625000;10;20
0.275044;0.258809;0.343750;0.625000;11;20
0.316769;0.241371;0.375000;0.625000;12;20
0.360246;0.226998;0.406250;0.625000;13;20
0.405159;0.216210;0.437500;0.625000;14;20
0.451128;0.209436;0.468750;0.625000;15;20
0.497711;0.206968;0.500000;0.625000;16;20
0.544449;0.208889;0.531250;0.625000;17;20
0.590794;0.215064;0.562500;0.625000;18;20
0.636178;0.225229;0.593750;0.625000;19;20
0.680091;0.238992;0.625000;0.625000;20;20
0.722126;0.255862;0.656250;0.625000;21;20
0.762048;0.275301;0.687500;0.625000;22;20
0.799730;0.296758;0.718750;0.625000;23;20
0.835125;0.319705;0.750000;0.625000;24;20
0.868252;0.343683;0.781250;0.625000;25;20
0.899145;0.368306;0.812500;0.625000;26;20
0.927860;0.393224;0.843750;0.625000;27;20
0.954481;0.418153;0.875000;0.625000;28;20
0.979123;0.442864;0.906250;0.625000;29;20
1.001926;0.467179;0.937500;0.625000;30;20
1.023019;0.490965;0.968750;0.625000;31;20
1.042530;0.514124;1.000000;0.625000;32;20
-0.045900;0.546323;0.000000;0.656250;0;21
-0.026143;0.524176;0.031250;0.656250;1;21
-0.004874;0.501291;0.062500;0.656250;2;21
0.018040;0.477758;0.093750;0.656250;3;21
0.042732;0.453701;0.125000;0.656250;4;21
0.069336;0.429287;0.156250;0.656250;5;21
0.097980;0.404738;0.187500;0.656250;6;21
0.128776;0.380332;0.218750;0.656250;7;21
0.161811;0.356412;0.250000;0.656250;8;21
0.197110;0.333331;0.281250;0.656250;9;21
0.234659;0.311537;0.312500;0.656250;10;21
0.274404;0.291599;0.343750;0.656250;11;21
0.316206;0.274115;0.375000;0.656250;12;21
0.359822;0.259674;0.406250;0.656250;13;21
0.404927;0.248817;0.437500;0.656250;14;21
0.451136;0.241990;0.468750;0.656250;15;21
0.497991;0.239500;0.500000;0.656250;16;21
0.545022;0.241429;0.531250;0.656250;17;21
0.591652;0.247639;0.562500;0.656250;18;21
0.637274;0.257856;0.593750;0.656250;19;21
0.681345;0.271669;0.625000;0.656250;20;21
0.723439;0.288569;0.656250;0.656250;21;21
0.763330;0.308001;0.687500;0.656250;22;21
0.800913;0.329399;0.718750;0.656250;23;21
0.836169;0.352229;0.750000;0.656250;24;21
0.869130;0.376026;0.781250;0.656250;25;21
0.899835;0.400398;0.812500;0.656250;26;21
0.928342;0.425001;0.843750;0.656250;27;21
0.954737;0.449557;0.875000;0.656250;28;21
0.979145;0.473845;0.906250;0.656250;29;21
1.001710;0.497699;0.937500;0.656250;30;21
1.022569;0.520992;0.968750;0.656250;31;21
1.041853;0.543637;1.000000;0.656250;32;21
-0.044387;0.576396;0.000000;0.687500;0;22
-0.024822;0.554858;0.031250;0.687500;1;22
-0.003755;0.532566;0.062500;0.687500;2;22
0.018948;0.509600;0.093750;0.687500;3;22
0.043425;0.486075;0.125000;0.687500;4;22
0.069815;0.462150;0.156250;0.687500;5;22
0.098251;0.438035;0.187500;0.687500;6;22
0.128855;0.414000;0.218750;0.687500;7;22
0.161722;0.390381;0.250000;0.687500;8;22
0.196889;0.367532;0.281250;0.687500;9;22
0.234350;0.345904;0.312500;0.687500;10;22
0.274061;0.326069;0.343750;0.687500;11;22
0.315888;0.308635;0.375000;0.687500;12;22
0.359585;0.294206;0.406250;0.687500;13;22
0.404823;0.283340;0.437500;0.687500;14;22
0.451206;0.276499;0.468750;0.687500;15;22
0.498266;0.274000;0.500000;0.687500;16;22
0.545519;0.275928;0.531250;0.687500;17;22
0.592362;0.282142;0.562500;0.687500;18;22
0.638153;0.292358;0.593750;0.687500;19;22
0.682322;0.306149;0.625000;0.687500;20;22
0.724424;0.322990;0.656250;0.687500;21;22
0.764244;0.342311;0.687500;0.687500;22;22
0.801698;0.363539;0.718750;0.687500;23;22
0.836787;0.386135;0.750000;0.687500;24;22
0.869563;0.409631;0.781250;0.687500;25;22
0.900063;0.433634;0.812500;0.687500;26;22
0.928352;0.457808;0.843750;0.687500;27;22
0.954520;0.481883;0.875000;0.687500;28;22
0.978694;0.505648;0.906250;0.687500;29;22
1.001029;0.528945;0.937500;0.687500;30;22
1.021664;0.551659;0.968750;0.687500;31;22
1.040731;0.573709;1.000000;0.687500;32;22
-0.042410;0.606967;0.000000;0.718750;0;23
-0.023027;0.586106;0.031250;0.718750;1;23
-0.002155;0.564483;0.062500;0.718750;2;23
0.020343;0.542170;0.093750;0.718750;3;23
0.044606;0.519274;0.125000;0.718750;4;23
0.070779;0.495942;0.156250;0.718750;5;23
0.099000;0.472374;0.187500;0.718750;6;23
0.129396;0.448831;0.218750;0.718750;7;23
0.162073;0.425639;0.250000;0.718750;8;23
0.197076;0.403150;0.281250;0.718750;9;23
0.234411;0.381812;0.312500;0.718750;10;23
0.274040;0.362199;0.343750;0.718750;11;23
0.315836;0.344921;0.375000;0.718750;12;23
0.359552;0.330595;0.406250;0.718750;13;23
0.404855;0.319789;0.437500;0.718750;14;23
0.451341;0.312979;0.468750;0.718750;15;23
0.498529;0.310490;0.500000;0.718750;16;23
0.545921;0.312410;0.531250;0.718750;17;23
0.592894;0.318593;0.562500;0.718750;18;23
0.638776;0.328749;0.593750;0.718750;19;23
0.682975;0.342438;0.625000;0.718750;20;23
0.725034;0.359123;0.656250;0.718750;21;23
0.764747;0.378223;0.687500;0.718750;22;23
0.802044;0.399161;0.718750;0.718750;23;23
0.836946;0.421398;0.750000;0.718750;24;23
0.869517;0.444468;0.781250;0.718750;25;23
0.899801;0.467979;0.812500;0.718750;26;23
0.927866;0.491606;0.843750;0.718750;27;23
0.953805;0.515087;0.875000;0.718750;28;23
0.977752;0.538224;0.906250;0.718750;29;23
0.999866;0.560868;0.937500;0.718750;30;23
1.020289;0.582912;0.968750;0.718750;31;23
1.039156;0.604286;1.000000;0.718750;32;23
-0.039963;0.637960;0.000000;0.750000;0;24
-0.020752;0.617840;0.031250;0.750000;1;24
-0.000065;0.596960;0.062500;0.750000;2;24
0.022234;0.575385;0.093750;0.750000;3;24
0.046289;0.553212;0.125000;0.750000;4;24
0.072244;0.530579;0.156250;0.750000;5;24
0.100243;0.507674;0.187500;0.750000;6;24
0.130420;0.484747;0.218750;0.750000;7;24
0.162886;0.462112;0.250000;0.750000;8;24
0.197697;0.440116;0.281250;0.750000;9;24
0.234866;0.419202;0.312500;0.750000;10;24
0.274365;0.399938;0.343750;0.750000;11;24
0.316071;0.382935;0.375000;0.750000;12;24
0.359739;0.368810;0.406250;0.750000;13;24
0.405034;0.358143;0.437500;0.750000;14;24
0.451544;0.351415;0.468750;0.750000;15;24
0.498773;0.348957;0.500000;0.750000;16;24
0.546211;0.350859;0.531250;0.750000;17;24
0.593217;0.356976;0.562500;0.750000;18;24
0.639101;0.367010;0.593750;0.750000;19;24
0.683257;0.380512;0.625000;0.750000;20;24
0.725223;0.396938;0.656250;0.750000;21;24
0.764795;0.415701;0.687500;0.750000;22;24
0.801914;0.436223;0.718750;0.750000;23;24
0.836613;0.457971;0.750000;0.750000;24;24
0.868967;0.480483;0.781250;0.750000;25;24
0.899025;0.503377;0.812500;0.750000;26;24
0.926862;0.526335;0.843750;0.750000;27;24
0.952577;0.549110;0.875000;0.750000;28;24
0.976304;0.571512;0.906250;0.750000;29;24
0.998210;0.593405;0.937500;0.750000;30;24
1.018436;0.614690;0.968750;0.750000;31;24
1.037120;0.635303;1.000000;0.750000;32;24
-0.037045;0.669310;0.000000;0.781250;0;25
-0.017992;0.649991;0.031250;0.781250;1;25
0.002521;0.629924;0.062500;0.781250;2;25
0.024632;0.609167;0.093750;0.781250;3;25
0.048484;0.587808;0.125000;0.781250;4;25
0.074225;0.565975;0.156250;0.781250;5;25
0.102001;0.543847;0.187500;0.781250;6;25
0.131949;0.521657;0.218750;0.781250;7;25
0.164187;0.499711;0.250000;0.781250;8;25
0.198779;0.478345;0.281250;0.781250;9;25
0.235745;0.457994;0.312500;0.781250;10;25
0.275064;0.439215;0.343750;0.781250;11;25
0.316620;0.422609;0.375000;0.781250;12;25
0.360171;0.408795;0.406250;0.781250;13;25
0.405378;0.398350;0.437500;0.781250;14;25
0.451824;0.391758;0.468750;0.781250;15;25
0.499001;0.389354;0.500000;0.781250;16;25
0.546385;0.391227;0.531250;0.781250;17;25
0.593324;0.397235;0.562500;0.781250;18;25
0.639117;0.407077;0.593750;0.781250;19;25
0.683154;0.420299;0.625000;0.781250;20;25
0.724972;0.436352;0.656250;0.781250;21;25
0.764368;0.454652;0.687500;0.781250;22;25
0.801288;0.474627;0.718750;0.781250;23;25
0.835768;0.495752;0.750000;0.781250;24;25
0.867892;0.517576;0.781250;0.781250;25;25
0.897718;0.539725;0.812500;0.781250;26;25
0.925328;0.561897;0.843750;0.781250;27;25
0.950823;0.583856;0.875000;0.781250;28;25
0.974344;0.605424;0.906250;0.781250;29;25
0.996056;0.626473;0.937500;0.781250;30;25
1.016103;0.646914;0.968750;0.781250;31;25
1.034621;0.666690;1.000000;0.781250;32;25
-0.033659;0.700959;0.000000;0.812500;0;26
-0.014748;0.682494;0.031250;0.812500;1;26
0.005606;0.663302;0.062500;0.812500;2;26
0.027542;0.643435;0.093750;0.812500;3;26
0.051202;0.622973;0.125000;0.812500;4;26
0.076734;0.602036;0.156250;0.812500;5;26
0.104287;0.580791;0.187500;0.812500;6;26
0.134001;0.559458;0.218750;0.812500;7;26
0.165998;0.538329;0.250000;0.812500;8;26
0.200346;0.517728;0.281250;0.812500;9;26
0.237074;0.498079;0.312500;0.812500;10;26
0.276165;0.479922;0.343750;0.812500;11;26
0.317510;0.463844;0.375000;0.812500;12;26
0.360870;0.450451;0.406250;0.812500;13;26
0.405906;0.440316;0.437500;0.812500;14;26
0.452195;0.433919;0.468750;0.812500;15;26
0.499222;0.431590;0.500000;0.812500;16;26
0.546449;0.433420;0.531250;0.812500;17;26
0.593219;0.439271;0.562500;0.812500;18;26
0.638829;0.448840;0.593750;0.812500;19;26
0.682669;0.461676;0.625000;0.812500;20;26
0.724281;0.477236;0.656250;0.812500;21;26
0.763461;0.494943;0.687500;0.812500;22;26
0.800154;0.514235;0.718750;0.812500;23;26
0.834399;0.534603;0.750000;0.812500;24;26
0.866283;0.555609;0.781250;0.812500;25;26
0.895873;0.576893;0.812500;0.812500;26;26
0.923258;0.598167;0.843750;0.812500;27;26
0.948542;0.619208;0.875000;0.812500;28;26
0.971869;0.639850;0.906250;0.812500;29;26
0.993404;0.659973;0.937500;0.812500;30;26
1.013290;0.679497;0.968750;0.812500;31;26
1.031663;0.698371;1.000000;0.812500;32;26
-0.029810;0.732827;0.000000;0.843750;0;27
-0.011026;0.715261;0.031250;0.843750;1;27
0.009185;0.696998;0.062500;0.843750;2;27
0.030959;0.678084;0.093750;0.843750;3;27
0.054439;0.658596;0.125000;0.843750;4;27
0.079771;0.638642;0.156250;0.843750;5;27
0.107105;0.618377;0.187500;0.843750;6;27
0.136582;0.598012;0.218750;0.843750;7;27
0.168325;0.577820;0.250000;0.843750;8;27
0.202408;0.558115;0.281250;0.843750;9;27
0.238864;0.539303;0.312500;0.843750;10;27
0.277681;0.521902;0.343750;0.843750;11;27
0.318754;0.506479;0.375000;0.843750;12;27
0.361848;0.493622;0.406250;0.843750;13;27
0.406627;0.483886;0.437500;0.843750;14;27
0.452663;0.477742;0.468750;0.843750;15;27
0.499434;0.475510;0.500000;0.843750;16;27
0.546397;0.477282;0.531250;0.843750;17;27
0.592893;0.482924;0.562500;0.843750;18;27
0.638224;0.492141;0.593750;0.843750;19;27
0.681790;0.504488;0.625000;0.843750;20;27
0.723136;0.519435;0.656250;0.843750;21;27
0.762061;0.536418;0.687500;0.843750;22;27
0.798503;0.554897;0.718750;0.843750;23;27
0.832497;0.574378;0.750000;0.843750;24;27
0.864133;0.594444;0.781250;0.843750;25;27
0.893487;0.614751;0.812500;0.843750;26;27
0.920651;0.635024;0.843750;0.843750;27;27
0.945736;0.655054;0.875000;0.843750;28;27
0.968884;0.674687;0.906250;0.843750;29;27
0.990259;0.693811;0.937500;0.843750;30;27
1.010003;0.712353;0.968750;0.843750;31;27
1.028252;0.730265;1.000000;0.843750;32;27
-0.025510;0.764829;0.000000;0.875000;0;28
-0.006837;0.748198;0.031250;0.875000;1;28
0.013247;0.730909;0.062500;0.875000;2;28
0.034875;0.713005;0.093750;0.875000;3;28
0.058187;0.694553;0.125000;0.875000;4;28
0.083329;0.675658;0.156250;0.875000;5;28
0.110449;0.656462;0.187500;0.875000;6;28
0.139687;0.637163;0.218750;0.875000;7;28
0.171168;0.618018;0.250000;0.875000;8;28
0.204966;0.599327;0.281250;0.875000;9;28
0.241119;0.581478;0.312500;0.875000;10;28
0.279616;0.564960;0.343750;0.875000;11;28
0.320356;0.550313;0.375000;0.875000;12;28
0.363110;0.538098;0.406250;0.875000;13;28
0.407544;0.528848;0.437500;0.875000;14;28
0.453229;0.523013;0.468750;0.875000;15;28
0.499640;0.520900;0.500000;0.875000;16;28
0.546228;0.522599;0.531250;0.875000;17;28
0.592342;0.527985;0.562500;0.875000;18;28
0.637299;0.536772;0.593750;0.875000;19;28
0.680510;0.548531;0.625000;0.875000;20;28
0.721535;0.562750;0.656250;0.875000;21;28
0.760166;0.578890;0.687500;0.875000;22;28
0.796334;0.596433;0.718750;0.875000;23;28
0.830065;0.614912;0.750000;0.875000;24;28
0.861447;0.633927;0.781250;0.875000;25;28
0.890564;0.653154;0.812500;0.875000;26;28
0.917515;0.672334;0.843750;0.875000;27;28
0.942412;0.691272;0.875000;0.875000;28;28
0.965397;0.709823;0.906250;0.875000;29;28
0.986631;0.727884;0.937500;0.875000;30;28
1.006254;0.745387;0.968750;0.875000;31;28
1.024400;0.762290;1.000000;0.875000;32;28
-0.020777;0.796879;0.000000;0.906250;0;29
-0.002197;0.781211;0.031250;0.906250;1;29
0.017776;0.764931;0.062500;0.906250;2;29
0.039272;0.748078;0.093750;0.906250;3;29
0.062429;0.730716;0.125000;0.906250;4;29
0.087391;0.712941;0.156250;0.906250;5;29
0.114303;0.694887;0.187500;0.906250;6;29
0.143303;0.676737;0.218750;0.906250;7;29
0.174514;0.658733;0.250000;0.906250;8;29
0.208010;0.641160;0.281250;0.906250;9;29
0.243829;0.624384;0.312500;0.906250;10;29
0.281964;0.608862;0.343750;0.906250;11;29
0.322312;0.595100;0.375000;0.906250;12;29
0.364653;0.583625;0.406250;0.906250;13;29
0.408657;0.574939;0.437500;0.906250;14;29
0.453893;0.569464;0.468750;0.906250;15;29
0.499837;0.567490;0.500000;0.906250;16;29
0.545942;0.569104;0.531250;0.906250;17;29
0.591569;0.574191;0.562500;0.906250;18;29
0.636055;0.582477;0.593750;0.906250;19;29
0.678835;0.593559;0.625000;0.906250;20;29
0.719483;0.606949;0.656250;0.906250;21;29
0.757784;0.622140;0.687500;0.906250;22;29
0.793658;0.638641;0.718750;0.906250;23;29
0.827114;0.656014;0.750000;0.906250;24;29
0.858238;0.673884;0.781250;0.906250;25;29
0.887121;0.691944;0.812500;0.906250;26;29
0.913866;0.709954;0.843750;0.906250;27;29
0.938587;0.727731;0.875000;0.906250;28;29
0.961426;0.745140;0.906250;0.906250;29;29
0.982538;0.762086;0.937500;0.906250;30;29
1.002060;0.778505;0.968750;0.906250;31;29
1.020122;0.794357;1.000000;0.906250;32;29
-0.015628;0.828890;0.000000;0.937500;0;30
0.002873;0.814201;0.031250;0.937500;1;30
0.022749;0.798954;0.062500;0.937500;2;30
0.044128;0.783183;0.093750;0.937500;3;30
0.067143;0.766949;0.125000;0.937500;4;30
0.091936;0.750342;0.156250;0.937500;5;30
0.118646;0.733485;0.187500;0.937500;6;30
0.147408;0.716551;0.218750;0.937500;7;30
0.178341;0.699762;0.250000;0.937500;8;30
0.211519;0.683390;0.281250;0.937500;9;30
0.246978;0.667778;0.312500;0.937500;10;30
0.284708;0.653345;0.343750;0.937500;11;30
0.324610;0.640560;0.375000;0.937500;12;30
0.366468;0.629907;0.406250;0.937500;13;30
0.409958;0.621851;0.437500;0.937500;14;30
0.454651;0.616782;0.468750;0.937500;15;30
0.500027;0.614965;0.500000;0.937500;16;30
0.545542;0.616483;0.531250;0.937500;17;30
0.590578;0.621233;0.562500;0.937500;18;30
0.634503;0.628962;0.593750;0.937500;19;30
0.676778;0.639291;0.625000;0.937500;20;30
0.716996;0.651770;0.656250;0.937500;21;30
0.754934;0.665923;0.687500;0.937500;22;30
0.790494;0.681297;0.718750;0.937500;23;30
0.823667;0.697481;0.750000;0.937500;24;30
0.854529;0.714129;0.781250;0.937500;25;30
0.883181;0.730955;0.812500;0.937500;26;30
0.909727;0.747735;0.843750;0.937500;27;30
0.934285;0.764298;0.875000;0.937500;28;30
0.956994;0.780519;0.906250;0.937500;29;30
0.978000;0.796309;0.937500;0.937500;30;30
0.997440;0.811608;0.968750;0.937500;31;30
1.015440;0.826380;1.000000;0.937500;32;30
-0.010090;0.860773;0.000000;0.968750;0;31
0.008347;0.847072;0.031250;0.968750;1;31
0.028140;0.832868;0.062500;0.968750;2;31
0.049414;0.818198;0.093750;0.968750;3;31
0.072299;0.803116;0.125000;0.968750;4;31
0.096931;0.787706;0.156250;0.968750;5;31
0.123444;0.772085;0.187500;0.968750;6;31
0.151968;0.756411;0.218750;0.968750;7;31
0.182618;0.740892;0.250000;0.968750;8;31
0.215462;0.725782;0.281250;0.968750;9;31
0.250535;0.711400;0.312500;0.968750;10;31
0.287823;0.698127;0.343750;0.968750;11;31
0.327227;0.686387;0.375000;0.968750;12;31
0.368537;0.676620;0.406250;0.968750;13;31
0.411435;0.669247;0.437500;0.968750;14;31
0.455497;0.664618;0.468750;0.968750;15;31
0.500209;0.662972;0.500000;0.968750;16;31
0.545036;0.664387;0.531250;0.968750;17;31
0.589384;0.668774;0.562500;0.968750;18;31
0.632660;0.675901;0.593750;0.968750;19;31
0.674360;0.685424;0.625000;0.968750;20;31
0.714099;0.696929;0.656250;0.968750;21;31
0.751644;0.709981;0.687500;0.968750;22;31
0.786874;0.724163;0.718750;0.968750;23;31
0.819755;0.739101;0.750000;0.968750;24;31
0.850351;0.754472;0.781250;0.968750;25;31
0.878774;0.770015;0.812500;0.968750;26;31
0.905128;0.785522;0.843750;0.968750;27;31
0.929535;0.800834;0.875000;0.968750;28;31
0.952128;0.815835;0.906250;0.968750;29;31
0.973046;0.830443;0.937500;0.968750;30;31
0.992421;0.844599;0.968750;0.968750;31;31
1.010376;0.858270;1.000000;0.968750;32;31
-0.004190;0.892443;0.000000;1.000000;0;32
0.014195;0.879727;0.031250;1.000000;1;32
0.033917;0.866568;0.062500;1.000000;2;32
0.055098;0.853001;0.093750;1.000000;3;32
0.077862;0.839079;0.125000;1.000000;4;32
0.102340;0.824881;0.156250;1.000000;5;32
0.128660;0.810514;0.187500;1.000000;6;32
0.156946;0.796126;0.218750;1.000000;7;32
0.187304;0.781906;0.250000;1.000000;8;32
0.219801;0.768094;0.281250;1.000000;9;32
0.254463;0.754984;0.312500;1.000000;10;32
0.291274;0.742915;0.343750;1.000000;11;32
0.330132;0.732266;0.375000;1.000000;12;32
0.370834;0.723426;0.406250;1.000000;13;32
0.413070;0.716769;0.437500;1.000000;14;32
0.456421;0.712605;0.468750;1.000000;15;32
0.500384;0.711141;0.500000;1.000000;16;32
0.544431;0.712449;0.531250;1.000000;17;32
0.588003;0.716457;0.562500;1.000000;18;32
0.630552;0.722957;0.593750;1.000000;19;32
0.671613;0.731640;0.625000;1.000000;20;32
0.710830;0.742134;0.656250;1.000000;21;32
0.747953;0.754046;0.687500;1.000000;22;32
0.782837;0.767001;0.718750;1.000000;23;32
0.815417;0.780656;0.750000;1.000000;24;32
0.845746;0.794719;0.781250;1.000000;25;32
0.873940;0.808952;0.812500;1.000000;26;32
0.900108;0.823162;0.843750;1.000000;27;32
0.924372;0.837204;0.875000;1.000000;28;32
0.946862;0.850970;0.906250;1.000000;29;32
0.967707;0.864380;0.937500;1.000000;30;32
0.987033;0.877383;0.968750;1.000000;31;32
1.004959;0.889943;1.000000;1.000000;32;32
